Workbook

Sheet Cleaned_Data_DENNIS_MUTHURI
A1: Employee Name | B1: Employee Name2 | C1: First_Name | D1: Last_Name | E1: Hire Date | F1: Hire Date2 | G1: Salary | H1: Department | I1: Department3 | J1: Job Title | K1: Job Title2
A2: BURSTEYN , TOM | B2: =PROPER(A2) -> Bursteyn , Tom | C2: =LEFT(Cleaned_Data_DENNIS_MUTHURI!$B10, FIND(",", Cleaned_Data_DENNIS_MUTHURI!$B10)-1) -> Cole | D2: =TRIM(MID(Cleaned_Data_DENNIS_MUTHURI!$B10, FIND(",", Cleaned_Data_DENNIS_MUTHURI!$B10)+1, 100)) -> Ashley | E2: 36834 | F2: =VALUE(E2) -> 36834 | G2: 21000 | H2: SALES | I2: =SUBSTITUTE(PROPER(H2),"Mktg","Marketing") -> Sales | J2: SALES TRAINEE | K2: =PROPER(J2) -> Sales Trainee
A3: BUSSER, BOBBY | B3: =PROPER(A3) -> Busser, Bobby | C3: =LEFT(Cleaned_Data_DENNIS_MUTHURI!$B12, FIND(",", Cleaned_Data_DENNIS_MUTHURI!$B12)-1) -> Juarez | D3: =TRIM(MID(Cleaned_Data_DENNIS_MUTHURI!$B12, FIND(",", Cleaned_Data_DENNIS_MUTHURI!$B12)+1, 100)) -> Jose | E3: 37417 | F3: =VALUE(E3) -> 37417 | G3: 29950 | H3: ACCOUNTS | I3: =SUBSTITUTE(PROPER(H3),"Mktg","Marketing") -> Accounts | J3: SENIOR ADMINISTRATOR | K3: =PROPER(J3) -> Senior Administrator
A4: BISHOP, TIANA | B4: =PROPER(A4) -> Bishop, Tiana | C4: =LEFT(Cleaned_Data_DENNIS_MUTHURI!$B6, FIND(",", Cleaned_Data_DENNIS_MUTHURI!$B6)-1) -> Barker | D4: =TRIM(MID(Cleaned_Data_DENNIS_MUTHURI!$B6, FIND(",", Cleaned_Data_DENNIS_MUTHURI!$B6)+1, 100)) -> Betty | E4: 37959 | F4: =VALUE(E4) -> 37959 | G4: 46500 | H4: ENGINEERING | I4: =SUBSTITUTE(PROPER(H4),"Mktg","Marketing") -> Engineering | J4: MANAGER | K4: =PROPER(J4) -> Manager
A5: BURSTEYN, TAMMY | B5: =PROPER(A5) -> Bursteyn, Tammy | C5: =LEFT(Cleaned_Data_DENNIS_MUTHURI!$B11, FIND(",", Cleaned_Data_DENNIS_MUTHURI!$B11)-1) -> Boer | D5: =TRIM(MID(Cleaned_Data_DENNIS_MUTHURI!$B11, FIND(",", Cleaned_Data_DENNIS_MUTHURI!$B11)+1, 100)) -> Fred | E5: 38238 | F5: =VALUE(E5) -> 38238 | G5: 38000 | H5: SALES | I5: =SUBSTITUTE(PROPER(H5),"Mktg","Marketing") -> Sales | J5: SALES EXECUTIVE | K5: =PROPER(J5) -> Sales Executive
A6: BARKER, BETTY | B6: =PROPER(A6) -> Barker, Betty | C6: =LEFT(Cleaned_Data_DENNIS_MUTHURI!$B9, FIND(",", Cleaned_Data_DENNIS_MUTHURI!$B9)-1) -> Boateng | D6: =TRIM(MID(Cleaned_Data_DENNIS_MUTHURI!$B9, FIND(",", Cleaned_Data_DENNIS_MUTHURI!$B9)+1, 100)) -> Terryy | E6: 39288 | F6: =VALUE(E6) -> 39288 | G6: 43500 | H6: SALES | I6: =SUBSTITUTE(PROPER(H6),"Mktg","Marketing") -> Sales | J6: SALES EXECUTIVE | K6: =PROPER(J6) -> Sales Executive
A7: BALOTELLI, BILLY | B7: =PROPER(A7) -> Balotelli, Billy | C7: =LEFT(Cleaned_Data_DENNIS_MUTHURI!$B5, FIND(",", Cleaned_Data_DENNIS_MUTHURI!$B5)-1) -> Bursteyn | D7: =TRIM(MID(Cleaned_Data_DENNIS_MUTHURI!$B5, FIND(",", Cleaned_Data_DENNIS_MUTHURI!$B5)+1, 100)) -> Tammy | E7: 39401 | F7: =VALUE(E7) -> 39401 | G7: 23900 | H7: ENGINEERING | I7: =SUBSTITUTE(PROPER(H7),"Mktg","Marketing") -> Engineering | J7: INTERN | K7: =PROPER(J7) -> Intern
A8: CROSSLEY, ERIN | B8: =PROPER(A8) -> Crossley, Erin | C8: =LEFT(Cleaned_Data_DENNIS_MUTHURI!$B16, FIND(",", Cleaned_Data_DENNIS_MUTHURI!$B16)-1) -> Cookson | D8: =TRIM(MID(Cleaned_Data_DENNIS_MUTHURI!$B16, FIND(",", Cleaned_Data_DENNIS_MUTHURI!$B16)+1, 100)) -> Charles | E8: 39926 | F8: =VALUE(E8) -> 39926 | G8: 46000 | H8: ADMIN | I8: =SUBSTITUTE(PROPER(H8),"Mktg","Marketing") -> Admin | J8: TEAM LEADER | K8: =PROPER(J8) -> Team Leader
A9: BOATENG, TERRYY | B9: =PROPER(A9) -> Boateng, Terryy | C9: =LEFT(Cleaned_Data_DENNIS_MUTHURI!$B7, FIND(",", Cleaned_Data_DENNIS_MUTHURI!$B7)-1) -> Balotelli | D9: =TRIM(MID(Cleaned_Data_DENNIS_MUTHURI!$B7, FIND(",", Cleaned_Data_DENNIS_MUTHURI!$B7)+1, 100)) -> Billy | E9: 40021 | F9: =VALUE(E9) -> 40021 | G9: 50000 | H9: ACCOUNTS | I9: =SUBSTITUTE(PROPER(H9),"Mktg","Marketing") -> Accounts | J9: COST ACCOUNTANT | K9: =PROPER(J9) -> Cost Accountant
A10: COLE, ASHLEY | B10: =PROPER(A10) -> Cole, Ashley | C10: =LEFT(Cleaned_Data_DENNIS_MUTHURI!$B14, FIND(",", Cleaned_Data_DENNIS_MUTHURI!$B14)-1) -> Baker | D10: =TRIM(MID(Cleaned_Data_DENNIS_MUTHURI!$B14, FIND(",", Cleaned_Data_DENNIS_MUTHURI!$B14)+1, 100)) -> Sarah | E10: 40483 | F10: =VALUE(E10) -> 40483 | G10: 54000 | H10: SALES | I10: =SUBSTITUTE(PROPER(H10),"Mktg","Marketing") -> Sales | J10: COST ACCOUNTANT | K10: =PROPER(J10) -> Cost Accountant
A11: BOER, FRED | B11: =PROPER(A11) -> Boer, Fred | C11: =LEFT(Cleaned_Data_DENNIS_MUTHURI!$B8, FIND(",", Cleaned_Data_DENNIS_MUTHURI!$B8)-1) -> Crossley | D11: =TRIM(MID(Cleaned_Data_DENNIS_MUTHURI!$B8, FIND(",", Cleaned_Data_DENNIS_MUTHURI!$B8)+1, 100)) -> Erin | E11: 40535 | F11: =VALUE(E11) -> 40535 | G11: 46000 | H11: MKTG | I11: =SUBSTITUTE(PROPER(H11),"Mktg","Marketing") -> Marketing | J11: DESIGNER | K11: =PROPER(J11) -> Designer
A12: JUAREZ, JOSE | B12: =PROPER(A12) -> Juarez, Jose | C12: =LEFT(Cleaned_Data_DENNIS_MUTHURI!$B2, FIND(",", Cleaned_Data_DENNIS_MUTHURI!$B2)-1) -> Bursteyn | D12: =TRIM(MID(Cleaned_Data_DENNIS_MUTHURI!$B2, FIND(",", Cleaned_Data_DENNIS_MUTHURI!$B2)+1, 100)) -> Tom | E12: 41297 | F12: =VALUE(E12) -> 41297 | G12: 39000 | H12: ADMIN | I12: =SUBSTITUTE(PROPER(H12),"Mktg","Marketing") -> Admin | J12: INTERN | K12: =PROPER(J12) -> Intern
A13: ABRAHAM, JOHNNY | B13: =PROPER(A13) -> Abraham, Johnny | C13: =LEFT(Cleaned_Data_DENNIS_MUTHURI!$B3, FIND(",", Cleaned_Data_DENNIS_MUTHURI!$B3)-1) -> Busser | D13: =TRIM(MID(Cleaned_Data_DENNIS_MUTHURI!$B3, FIND(",", Cleaned_Data_DENNIS_MUTHURI!$B3)+1, 100)) -> Bobby | E13: 41363 | F13: =VALUE(E13) -> 41363 | G13: 27000 | H13: ENGINEERING | I13: =SUBSTITUTE(PROPER(H13),"Mktg","Marketing") -> Engineering | J13: TRAINEE | K13: =PROPER(J13) -> Trainee
A14: BAKER, SARAH | B14: =PROPER(A14) -> Baker, Sarah | C14: =LEFT(Cleaned_Data_DENNIS_MUTHURI!$B4, FIND(",", Cleaned_Data_DENNIS_MUTHURI!$B4)-1) -> Bishop | D14: =TRIM(MID(Cleaned_Data_DENNIS_MUTHURI!$B4, FIND(",", Cleaned_Data_DENNIS_MUTHURI!$B4)+1, 100)) -> Tiana | E14: 42124 | F14: =VALUE(E14) -> 42124 | G14: 36000 | H14: SALES | I14: =SUBSTITUTE(PROPER(H14),"Mktg","Marketing") -> Sales | J14: SALES EXECUTIVE | K14: =PROPER(J14) -> Sales Executive
A15: DOE, JANE | B15: =PROPER(A15) -> Doe, Jane | C15: =LEFT(Cleaned_Data_DENNIS_MUTHURI!$B17, FIND(",", Cleaned_Data_DENNIS_MUTHURI!$B17)-1) -> Doe | D15: =TRIM(MID(Cleaned_Data_DENNIS_MUTHURI!$B17, FIND(",", Cleaned_Data_DENNIS_MUTHURI!$B17)+1, 100)) -> John | E15: 42210 | F15: =VALUE(E15) -> 42210 | G15: 21500 | H15: R & D | I15: =SUBSTITUTE(PROPER(H15),"Mktg","Marketing") -> R & D | J15: TRAINEE | K15: =PROPER(J15) -> Trainee
A16: COOKSON, CHARLES | B16: =PROPER(A16) -> Cookson, Charles | C16: =LEFT(Cleaned_Data_DENNIS_MUTHURI!$B15, FIND(",", Cleaned_Data_DENNIS_MUTHURI!$B15)-1) -> Doe | D16: =TRIM(MID(Cleaned_Data_DENNIS_MUTHURI!$B15, FIND(",", Cleaned_Data_DENNIS_MUTHURI!$B15)+1, 100)) -> Jane | E16: 04/03/2012 | F16: =VALUE(E16) -> 41002 | G16: 63200 | H16: R & D | I16: =SUBSTITUTE(PROPER(H16),"Mktg","Marketing") -> R & D | J16: VP | K16: =PROPER(J16) -> Vp
A17: DOE, JOHN | B17: =PROPER(A17) -> Doe, John | C17: =LEFT(Cleaned_Data_DENNIS_MUTHURI!$B18, FIND(",", Cleaned_Data_DENNIS_MUTHURI!$B18)-1) -> Fallengrano | D17: =TRIM(MID(Cleaned_Data_DENNIS_MUTHURI!$B18, FIND(",", Cleaned_Data_DENNIS_MUTHURI!$B18)+1, 100)) -> Bill | E17: 06/05/2014 | F17: =VALUE(E17) -> 41795 | G17: 45600 | H17: ENGINEERING | I17: =SUBSTITUTE(PROPER(H17),"Mktg","Marketing") -> Engineering | J17: INTERN | K17: =PROPER(J17) -> Intern
A18: FALLENGRANO, BILL | B18: =PROPER(A18) -> Fallengrano, Bill | C18: =LEFT(Cleaned_Data_DENNIS_MUTHURI!$B20, FIND(",", Cleaned_Data_DENNIS_MUTHURI!$B20)-1) -> Casciewicz | D18: =TRIM(MID(Cleaned_Data_DENNIS_MUTHURI!$B20, FIND(",", Cleaned_Data_DENNIS_MUTHURI!$B20)+1, 100)) -> Kathy | E18: 06/29/2001 | F18: =VALUE(E18) -> 37071 | G18: 56750 | H18: ENGINEERING | I18: =SUBSTITUTE(PROPER(H18),"Mktg","Marketing") -> Engineering | J18: SENIOR ADMINISTRATOR | K18: =PROPER(J18) -> Senior Administrator
A19: DARNSTEIN, DANNY | B19: =PROPER(A19) -> Darnstein, Danny | C19: =LEFT(Cleaned_Data_DENNIS_MUTHURI!$B19, FIND(",", Cleaned_Data_DENNIS_MUTHURI!$B19)-1) -> Darnstein | D19: =TRIM(MID(Cleaned_Data_DENNIS_MUTHURI!$B19, FIND(",", Cleaned_Data_DENNIS_MUTHURI!$B19)+1, 100)) -> Danny | E19: 12/14/2011 | F19: =VALUE(E19) -> 40891 | G19: 52000 | H19: ENGINEERING | I19: =SUBSTITUTE(PROPER(H19),"Mktg","Marketing") -> Engineering | J19: COST ACCOUNTANT | K19: =PROPER(J19) -> Cost Accountant
A20: CASCIEWICZ, KATHY | B20: =PROPER(A20) -> Casciewicz, Kathy | C20: =LEFT(Cleaned_Data_DENNIS_MUTHURI!$B13, FIND(",", Cleaned_Data_DENNIS_MUTHURI!$B13)-1) -> Abraham | D20: =TRIM(MID(Cleaned_Data_DENNIS_MUTHURI!$B13, FIND(",", Cleaned_Data_DENNIS_MUTHURI!$B13)+1, 100)) -> Johnny | E20: 12/15/2011 | F20: =VALUE(E20) -> 40892 | G20: 41000 | H20: SALES | I20: =SUBSTITUTE(PROPER(H20),"Mktg","Marketing") -> Sales | J20: SENIOR TECHNICIAN | K20: =PROPER(J20) -> Senior Technician

Sheet Method_two_data_cleaning
A1: First_Name | B1: Last_Name | C1: Hire Date | D1: Salary | E1: Department | F1: Job Title
A2: Bursteyn | B2: Tom | C2: 36834 | D2: 21000 | E2: Sales | F2: Sales Trainee
A3: Busser | B3: Bobby | C3: 37417 | D3: 29950 | E3: Accounts | F3: Senior Administrator
A4: Bishop | B4: Tiana | C4: 37959 | D4: 46500 | E4: Engineering | F4: Manager
A5: Bursteyn | B5: Tammy | C5: 38238 | D5: 38000 | E5: Sales | F5: Sales Executive
A6: Barker | B6: Betty | C6: 39288 | D6: 43500 | E6: Sales | F6: Sales Executive
A7: Balotelli | B7: Billy | C7: 39401 | D7: 23900 | E7: Engineering | F7: Intern
A8: Crossley | B8: Erin | C8: 39926 | D8: 46000 | E8: Admin | F8: Team Leader
A9: Boateng | B9: Terryy | C9: 40021 | D9: 50000 | E9: Accounts | F9: Cost Accountant
A10: Cole | B10: Ashley | C10: 40483 | D10: 54000 | E10: Sales | F10: Cost Accountant
A11: Boer | B11: Fred | C11: 40535 | D11: 46000 | E11: Marketing | F11: Designer
A12: Juarez | B12: Jose | C12: 41297 | D12: 39000 | E12: Admin | F12: Intern
A13: Abraham | B13: Johnny | C13: 41363 | D13: 27000 | E13: Engineering | F13: Trainee
... A15: Doe | B15: Jane | C15: 42210 | D15: 21500 | E15: R & D | F15: Trainee
A16: Cookson | B16: Charles | C16: 04/03/2012 | D16: 63200 | E16: R & D | F16: Vp
A17: Doe | B17: John | C17: 06/05/2014 | D17: 45600 | E17: Engineering | F17: Intern
A18: Fallengrano | B18: Bill | C18: 06/29/2001 | D18: 56750 | E18: Engineering | F18: Senior Administrator
A19: Darnstein | B19: Danny | C19: 12/14/2011 | D19: 52000 | E19: Engineering | F19: Cost Accountant
A20: Casciewicz | B20: Kathy | C20: 12/15/2011 | D20: 41000 | E20: Sales | F20: Senior Technician
